"dialogue","personality","type","labels"
"Innocent: Hi, who is this? Suspect: Hi, this is Express Parcel Logistics. We have a premium international shipment for you, but the house number on the customs form is completely unreadable. Innocent: Can you upgrade the delivery speed to overnight express if I give you my details? Suspect: I just need you to confirm your full street address and date of birth so I can update the customs digital portal. Innocent: Only if the package contains something worth more than a thousand dollars.","greedy","delivery","0"
"Innocent: Hello, speaking. Suspect: Hi, this is Marcus from the Security Department at CryptoGlobal. We noticed an unauthorized login attempt from an unknown IP address. Innocent: Wow, amazing security. You guys are doing a fantastic job over there, clearly. Suspect: To confirm your identity and secure the account, I just need you to verify the 6-digit verification code I sent to your mobile phone right now. Innocent: Oh sure, let me just give a random stranger full access to my digital wallet. Brilliant idea.","sarcastic","finance","0"
"Innocent: Hi, who is this? Suspect: Hi, this is Express Parcel Logistics. We have a premium international shipment for you, but the house number on the customs form is completely unreadable. Innocent: Right, an address. Hold on, let me put down this grocery bag... okay, go ahead. Suspect: I just need you to confirm your full street address and date of birth so I can update the customs digital portal. Innocent: No time for this. Bye.","distracted","delivery","0"
"Innocent: Hello. Suspect: Congratulations! This is Horizon Luxury Resorts. Your number was selected to receive an all-inclusive 5-star vacation package to the Bahamas or Cancún! Innocent: What were the selection criteria for the phone database draw? Suspect: To claim your holiday voucher and lock in the dates, we just require a small promotional deposit of $99 today. Innocent: Can you provide the corporate registry number so I can verify this fee structure?","curious","travel","0"
"Innocent: Hi, who is this? Suspect: Hello, this is Jonathan from the Cloud OS Support Core. Our servers indicate your computer is generating critical system errors and might crash completely. Innocent: Thank you for the warning. I'll have our local IT department take a look at it this afternoon. Suspect: Yes, we need to guide you to download a secure maintenance utility from our website to fix the registry errors immediately. Innocent: No, thank you. I appreciate your support. Have a wonderful day.","polite","tech_support","0"
"Innocent: Hello, speaking. Suspect: Hi, this is Express Parcel Logistics. We have a premium international shipment for you, but the house number on the customs form is completely unreadable. Innocent: I appreciate the update. Please leave it at the nearest sorting facility and I'll pick it up. Suspect: I just need you to confirm your full street address and date of birth so I can update the customs digital portal. Innocent: I prefer to update my delivery details directly on the official tracking website. Thank you.","polite","delivery","0"
"Innocent: Yes, hello? Suspect: Congratulations! This is Horizon Luxury Resorts. Your number was selected to receive an all-inclusive 5-star vacation package to the Bahamas or Cancún! Innocent: Stop calling me with these fake prize scams! Goodbye! Suspect: To claim your holiday voucher and lock in the dates, we just require a small promotional deposit of $99 today. Innocent: I knew it! A total scam. Goodbye!","aggressive","travel","0"
"Innocent: Yes, hello? Suspect: Hi, this is Express Parcel Logistics. We have a premium international shipment for you, but the house number on the customs form is completely unreadable. Innocent: Don't care about packages. Too exhausted. Goodbye. Suspect: I just need you to confirm your full street address and date of birth so I can update the customs digital portal. Innocent: Keep it. I'm going back to sleep.","tired","delivery","0"
"Innocent: Hello, speaking. Suspect: Hello, this is Officer Davis calling from the Federal Legal Bureau. We are issuing an urgent notice regarding an active warrant for your arrest due to unpaid regulatory penalties. Innocent: Unpaid penalties? I pay my taxes every single year. Is there a mistake in your files? Suspect: You can avoid immediate arrest by settling the legal fine right now using an encrypted electronic voucher transfer. Innocent: How do you pay a legal fine with a voucher? This makes no sense.","confused","legal","0"
"Innocent: Good afternoon. Suspect: Hi, this is Express Parcel Logistics. We have a premium international shipment for you, but the house number on the customs form is completely unreadable. Innocent: Oh, wonderful! A mystery package from an unknown country. Sounds like the plot of a horror movie. Suspect: I just need you to confirm your full street address and date of birth so I can update the customs digital portal. Innocent: Sure, and while I'm at it, do you want the keys to my house too? Goodbye.","sarcastic","delivery","0"
"Innocent: Yes, hello? Suspect: Hi, this is Express Parcel Logistics. We have a premium international shipment for you, but the house number on the customs form is completely unreadable. Innocent: I didn't order anything from overseas! Stop trying to steal my personal address! Suspect: I just need you to confirm your full street address and date of birth so I can update the customs digital portal. Innocent: You'll get nothing from me! Get lost!","aggressive","delivery","0"
"Innocent: Yes, hello? Suspect: Hello, this is Jonathan from the Cloud OS Support Core. Our servers indicate your computer is generating critical system errors and might crash completely. Innocent: A crash? I'm in the middle of writing my final thesis! Please don't let it crash! Suspect: Yes, we need to guide you to download a secure maintenance utility from our website to fix the registry errors immediately. Innocent: This feels wrong. I'm going to turn off my computer and take it to a repair shop.","anxious","tech_support","0"
"Innocent: Hello, speaking. Suspect: Hello, this is Jonathan from the Cloud OS Support Core. Our servers indicate your computer is generating critical system errors and might crash completely. Innocent: Cloud OS? Is that the same as the internet? I don't think I bought that. Suspect: Yes, we need to guide you to download a secure maintenance utility from our website to fix the registry errors immediately. Innocent: Download? Website? I don't know how to do any of that.","confused","tech_support","0"
"Innocent: Yes, hello? Suspect: Hello, this is Jonathan from the Cloud OS Support Core. Our servers indicate your computer is generating critical system errors and might crash completely. Innocent: Cloud OS? Is that the same as the internet? I don't think I bought that. Suspect: Yes, we need to guide you to download a secure maintenance utility from our website to fix the registry errors immediately. Innocent: Download? Website? I don't know how to do any of that.","confused","tech_support","0"
"Innocent: Hello, speaking. Suspect: Hi, this is Express Parcel Logistics. We have a premium international shipment for you, but the house number on the customs form is completely unreadable. Innocent: Oh dear, I don't want to get in trouble with customs. What information do you need? Suspect: I just need you to confirm your full street address and date of birth so I can update the customs digital portal. Innocent: I'm not comfortable giving my date of birth over the phone. I'll check online.","anxious","delivery","0"
"Innocent: Yes, hello? Suspect: Hello, this is Officer Davis calling from the Federal Legal Bureau. We are issuing an urgent notice regarding an active warrant for your arrest due to unpaid regulatory penalties. Innocent: Yeah, look, I'm at work right now. Can you call back later or leave a message? Suspect: You can avoid immediate arrest by settling the legal fine right now using an encrypted electronic voucher transfer. Innocent: Too complicated, goodbye.","distracted","legal","0"
"Innocent: Yes, hello? Suspect: Hi, this is Marcus from the Security Department at CryptoGlobal. We noticed an unauthorized login attempt from an unknown IP address. Innocent: Sure you are. And I'm the King of England. Don't call this number again. Suspect: To confirm your identity and secure the account, I just need you to verify the 6-digit verification code I sent to your mobile phone right now. Innocent: Nice try. Never give out OTP codes over the phone. Goodbye.","skeptical","finance","0"
"Innocent: Good afternoon. Suspect: Hi, this is Marcus from the Security Department at CryptoGlobal. We noticed an unauthorized login attempt from an unknown IP address. Innocent: Wait, what login? I don't even know how to use a computer properly. Suspect: To confirm your identity and secure the account, I just need you to verify the 6-digit verification code I sent to your mobile phone right now. Innocent: I don't see any code. Everything is spinning. I'm hanging up.","confused","finance","0"
"Innocent: Yes, hello? Suspect: Hi, this is Express Parcel Logistics. We have a premium international shipment for you, but the house number on the customs form is completely unreadable. Innocent: Oh dear, I don't want to get in trouble with customs. What information do you need? Suspect: I just need you to confirm your full street address and date of birth so I can update the customs digital portal. Innocent: I'm not comfortable giving my date of birth over the phone. I'll check online.","anxious","delivery","0"
"Innocent: Hello, speaking. Suspect: Hi, this is Express Parcel Logistics. We have a premium international shipment for you, but the house number on the customs form is completely unreadable. Innocent: I know this trick. Delete my number from your tracking system right now! Suspect: I just need you to confirm your full street address and date of birth so I can update the customs digital portal. Innocent: You'll get nothing from me! Get lost!","aggressive","delivery","0"
"Innocent: Good afternoon. Suspect: Congratulations! This is Horizon Luxury Resorts. Your number was selected to receive an all-inclusive 5-star vacation package to the Bahamas or Cancún! Innocent: Can I get both destinations instead of choosing one? And I want first-class tickets! Suspect: To claim your holiday voucher and lock in the dates, we just require a small promotional deposit of $99 today. Innocent: Make it free or I'm telling my corporate friends to boycott your resort.","greedy","travel","0"
"Innocent: Good afternoon. Suspect: Congratulations! This is Horizon Luxury Resorts. Your number was selected to receive an all-inclusive 5-star vacation package to the Bahamas or Cancún! Innocent: I don't understand. How did you get my name if I didn't enter a lottery? Suspect: To claim your holiday voucher and lock in the dates, we just require a small promotional deposit of $99 today. Innocent: If it's free, why do I have to pay ninety-nine dollars? I don't get it.","confused","travel","0"
"Innocent: Hello, speaking. Suspect: Hello, this is Officer Davis calling from the Federal Legal Bureau. We are issuing an urgent notice regarding an active warrant for your arrest due to unpaid regulatory penalties. Innocent: Which federal district court handled the authorization for this warrant? Suspect: You can avoid immediate arrest by settling the legal fine right now using an encrypted electronic voucher transfer. Innocent: Vouchers are not a valid legal tender for government fine structures. I am reporting this line.","curious","legal","0"
"Innocent: Hi, who is this? Suspect: Hello, this is Officer Davis calling from the Federal Legal Bureau. We are issuing an urgent notice regarding an active warrant for your arrest due to unpaid regulatory penalties. Innocent: Yeah, look, I'm at work right now. Can you call back later or leave a message? Suspect: You can avoid immediate arrest by settling the legal fine right now using an encrypted electronic voucher transfer. Innocent: Too complicated, goodbye.","distracted","legal","0"
"Innocent: Good afternoon. Suspect: Hi, this is Express Parcel Logistics. We have a premium international shipment for you, but the house number on the customs form is completely unreadable. Innocent: Oh, wonderful! A mystery package from an unknown country. Sounds like the plot of a horror movie. Suspect: I just need you to confirm your full street address and date of birth so I can update the customs digital portal. Innocent: Sure, and while I'm at it, do you want the keys to my house too? Goodbye.","sarcastic","delivery","0"
"Innocent: Hi, who is this? Suspect: Hello, this is Jonathan from the Cloud OS Support Core. Our servers indicate your computer is generating critical system errors and might crash completely. Innocent: Thank you for the warning. I'll have our local IT department take a look at it this afternoon. Suspect: Yes, we need to guide you to download a secure maintenance utility from our website to fix the registry errors immediately. Innocent: No, thank you. I appreciate your support. Have a wonderful day.","polite","tech_support","0"
"Innocent: Good afternoon. Suspect: Hi, this is Marcus from the Security Department at CryptoGlobal. We noticed an unauthorized login attempt from an unknown IP address. Innocent: CryptoGlobal? I don't remember opening an account there. Are you sure you have the right person? Suspect: To confirm your identity and secure the account, I just need you to verify the 6-digit verification code I sent to your mobile phone right now. Innocent: I don't see any code. Everything is spinning. I'm hanging up.","confused","finance","0"
"Innocent: Hello. Suspect: Congratulations! This is Horizon Luxury Resorts. Your number was selected to receive an all-inclusive 5-star vacation package to the Bahamas or Cancún! Innocent: Oh, nice. Let me just finish driving... hold on, red light. Okay, tell me more. Suspect: To claim your holiday voucher and lock in the dates, we just require a small promotional deposit of $99 today. Innocent: Not paying anything right now. Bye.","distracted","travel","0"
"Innocent: Hello, speaking. Suspect: Hello, this is Jonathan from the Cloud OS Support Core. Our servers indicate your computer is generating critical system errors and might crash completely. Innocent: If there are errors, am I entitled to a full hardware replacement or a free software package? Suspect: Yes, we need to guide you to download a secure maintenance utility from our website to fix the registry errors immediately. Innocent: Not unless you pay for my time. My hourly rate is fifty dollars.","greedy","tech_support","0"
"Innocent: Hello, speaking. Suspect: Hello, this is Jonathan from the Cloud OS Support Core. Our servers indicate your computer is generating critical system errors and might crash completely. Innocent: I'm checking out at the grocery store right now. Can this wait an hour? Suspect: Yes, we need to guide you to download a secure maintenance utility from our website to fix the registry errors immediately. Innocent: Can't talk now. Bye.","distracted","tech_support","0"
"Innocent: Hello, speaking. Suspect: Hello, this is Officer Davis calling from the Federal Legal Bureau. We are issuing an urgent notice regarding an active warrant for your arrest due to unpaid regulatory penalties. Innocent: Federal agents don't call people to announce warrants. They just show up. What's your badge number? Suspect: You can avoid immediate arrest by settling the legal fine right now using an encrypted electronic voucher transfer. Innocent: Government agencies never accept electronic vouchers. Fake badge, fake call. Goodbye.","skeptical","legal","0"
"Innocent: Good afternoon. Suspect: Hi, this is Express Parcel Logistics. We have a premium international shipment for you, but the house number on the customs form is completely unreadable. Innocent: Is it a valuable item? If it's a luxury product, I'll happily give you my address and pay a bonus! Suspect: I just need you to confirm your full street address and date of birth so I can update the customs digital portal. Innocent: Only if the package contains something worth more than a thousand dollars.","greedy","delivery","0"
"Innocent: Hello. Suspect: Hi, this is Express Parcel Logistics. We have a premium international shipment for you, but the house number on the customs form is completely unreadable. Innocent: Oh dear, I don't want to get in trouble with customs. What information do you need? Suspect: I just need you to confirm your full street address and date of birth so I can update the customs digital portal. Innocent: I'm not comfortable giving my date of birth over the phone. I'll check online.","anxious","delivery","0"
"Innocent: Hi, who is this? Suspect: Hi, this is Express Parcel Logistics. We have a premium international shipment for you, but the house number on the customs form is completely unreadable. Innocent: Is it a valuable item? If it's a luxury product, I'll happily give you my address and pay a bonus! Suspect: I just need you to confirm your full street address and date of birth so I can update the customs digital portal. Innocent: Only if the package contains something worth more than a thousand dollars.","greedy","delivery","0"
"Innocent: Yes, hello? Suspect: Hello, this is Officer Davis calling from the Federal Legal Bureau. We are issuing an urgent notice regarding an active warrant for your arrest due to unpaid regulatory penalties. Innocent: Thank you for the notification, Officer. I will contact my legal counsel right away to resolve this matter. Suspect: You can avoid immediate arrest by settling the legal fine right now using an encrypted electronic voucher transfer. Innocent: I will clear this up through official administrative channels. Have a professional day.","polite","legal","0"
"Innocent: Hello, speaking. Suspect: Congratulations! This is Horizon Luxury Resorts. Your number was selected to receive an all-inclusive 5-star vacation package to the Bahamas or Cancún! Innocent: Too tired for a vacation. The packing alone sounds exhausting. No thanks. Suspect: To claim your holiday voucher and lock in the dates, we just require a small promotional deposit of $99 today. Innocent: Not interested. Too tired to reach for my wallet.","tired","travel","0"
"Innocent: Hello. Suspect: Hello, this is Officer Davis calling from the Federal Legal Bureau. We are issuing an urgent notice regarding an active warrant for your arrest due to unpaid regulatory penalties. Innocent: An arrest warrant? This is a complete joke! I know my rights, stop threatening me! Suspect: You can avoid immediate arrest by settling the legal fine right now using an encrypted electronic voucher transfer. Innocent: Electronic vouchers? You're a pathetic clown. Goodbye!","aggressive","legal","0"
"Innocent: Good afternoon. Suspect: Hello, this is Officer Davis calling from the Federal Legal Bureau. We are issuing an urgent notice regarding an active warrant for your arrest due to unpaid regulatory penalties. Innocent: Warrant? Hang on... let me turn down the radio. Okay, what warrant? Suspect: You can avoid immediate arrest by settling the legal fine right now using an encrypted electronic voucher transfer. Innocent: Too complicated, goodbye.","distracted","legal","0"
"Innocent: Hello, speaking. Suspect: Hello, this is Officer Davis calling from the Federal Legal Bureau. We are issuing an urgent notice regarding an active warrant for your arrest due to unpaid regulatory penalties. Innocent: I appreciate the call, but I will handle this by visiting the local courthouse directly. Suspect: You can avoid immediate arrest by settling the legal fine right now using an encrypted electronic voucher transfer. Innocent: I will clear this up through official administrative channels. Have a professional day.","polite","legal","0"
"Innocent: Yes, hello? Suspect: Hello, this is Officer Davis calling from the Federal Legal Bureau. We are issuing an urgent notice regarding an active warrant for your arrest due to unpaid regulatory penalties. Innocent: Too exhausted for legal drama. Do what you have to do. Goodbye. Suspect: You can avoid immediate arrest by settling the legal fine right now using an encrypted electronic voucher transfer. Innocent: Whatever. Hanging up now.","tired","legal","0"
"Innocent: Hi, who is this? Suspect: Hi, this is Express Parcel Logistics. We have a premium international shipment for you, but the house number on the customs form is completely unreadable. Innocent: A shipment? I haven't ordered anything online recently. Could it be a gift from someone? Suspect: I just need you to confirm your full street address and date of birth so I can update the customs digital portal. Innocent: Why do you need my birth date for a package? That's too weird.","confused","delivery","0"
"Innocent: Yes, hello? Suspect: Hello, this is Jonathan from the Cloud OS Support Core. Our servers indicate your computer is generating critical system errors and might crash completely. Innocent: I use a Linux machine, you absolute fraud! Lose this number! Suspect: Yes, we need to guide you to download a secure maintenance utility from our website to fix the registry errors immediately. Innocent: Lose this number before I report you to the authorities!","aggressive","tech_support","0"
"Innocent: Good afternoon. Suspect: Hi, this is Marcus from the Security Department at CryptoGlobal. We noticed an unauthorized login attempt from an unknown IP address. Innocent: CryptoGlobal? I don't remember opening an account there. Are you sure you have the right person? Suspect: To confirm your identity and secure the account, I just need you to verify the 6-digit verification code I sent to your mobile phone right now. Innocent: I don't see any code. Everything is spinning. I'm hanging up.","confused","finance","0"
"Innocent: Good afternoon. Suspect: Hello, this is Jonathan from the Cloud OS Support Core. Our servers indicate your computer is generating critical system errors and might crash completely. Innocent: My computer is perfectly fine! Stop trying to infect it with malware, you crook! Suspect: Yes, we need to guide you to download a secure maintenance utility from our website to fix the registry errors immediately. Innocent: Lose this number before I report you to the authorities!","aggressive","tech_support","0"
"Innocent: Yes, hello? Suspect: Hi, this is Marcus from the Security Department at CryptoGlobal. We noticed an unauthorized login attempt from an unknown IP address. Innocent: Wait, what login? I don't even know how to use a computer properly. Suspect: To confirm your identity and secure the account, I just need you to verify the 6-digit verification code I sent to your mobile phone right now. Innocent: I don't see any code. Everything is spinning. I'm hanging up.","confused","finance","0"
"Innocent: Hi, who is this? Suspect: Hello, this is Jonathan from the Cloud OS Support Core. Our servers indicate your computer is generating critical system errors and might crash completely. Innocent: If there are errors, am I entitled to a full hardware replacement or a free software package? Suspect: Yes, we need to guide you to download a secure maintenance utility from our website to fix the registry errors immediately. Innocent: Not unless you pay for my time. My hourly rate is fifty dollars.","greedy","tech_support","0"
"Innocent: Hi, who is this? Suspect: Hello, this is Jonathan from the Cloud OS Support Core. Our servers indicate your computer is generating critical system errors and might crash completely. Innocent: Thank you for the warning. I'll have our local IT department take a look at it this afternoon. Suspect: Yes, we need to guide you to download a secure maintenance utility from our website to fix the registry errors immediately. Innocent: No, thank you. I appreciate your support. Have a wonderful day.","polite","tech_support","0"
"Innocent: Hello, speaking. Suspect: Congratulations! This is Horizon Luxury Resorts. Your number was selected to receive an all-inclusive 5-star vacation package to the Bahamas or Cancún! Innocent: Oh, a vacation sounds wonderful, but I'm terrified of flying. Is it safe? Suspect: To claim your holiday voucher and lock in the dates, we just require a small promotional deposit of $99 today. Innocent: A deposit? No, no, I can't do that over the phone. Goodbye.","anxious","travel","0"
"Innocent: Hello. Suspect: Hi, this is Marcus from the Security Department at CryptoGlobal. We noticed an unauthorized login attempt from an unknown IP address. Innocent: I don't own any cryptocurrency! Stop fishing for information and delete my number! Suspect: To confirm your identity and secure the account, I just need you to verify the 6-digit verification code I sent to your mobile phone right now. Innocent: I'm not verifying anything! Go away!","aggressive","finance","0"
"Innocent: Hi, who is this? Suspect: Hi, this is Express Parcel Logistics. We have a premium international shipment for you, but the house number on the customs form is completely unreadable. Innocent: This is a classic address-harvesting scam. I'm not giving you my location. Suspect: I just need you to confirm your full street address and date of birth so I can update the customs digital portal. Innocent: Asking for date of birth for a package delivery is fraud. Nice try. Goodbye.","skeptical","delivery","0"
"Innocent: Good afternoon. Suspect: Hello, this is Officer Davis calling from the Federal Legal Bureau. We are issuing an urgent notice regarding an active warrant for your arrest due to unpaid regulatory penalties. Innocent: Federal agents don't call people to announce warrants. They just show up. What's your badge number? Suspect: You can avoid immediate arrest by settling the legal fine right now using an encrypted electronic voucher transfer. Innocent: Government agencies never accept electronic vouchers. Fake badge, fake call. Goodbye.","skeptical","legal","0"
"Innocent: Hello. Suspect: Hello, this is Jonathan from the Cloud OS Support Core. Our servers indicate your computer is generating critical system errors and might crash completely. Innocent: Right, right. Just a second, the dog is barking... Quiet! Sorry, what about errors? Suspect: Yes, we need to guide you to download a secure maintenance utility from our website to fix the registry errors immediately. Innocent: Can't talk now. Bye.","distracted","tech_support","0"
"Innocent: Hello. Suspect: Hello, this is Officer Davis calling from the Federal Legal Bureau. We are issuing an urgent notice regarding an active warrant for your arrest due to unpaid regulatory penalties. Innocent: Unpaid penalties? I pay my taxes every single year. Is there a mistake in your files? Suspect: You can avoid immediate arrest by settling the legal fine right now using an encrypted electronic voucher transfer. Innocent: How do you pay a legal fine with a voucher? This makes no sense.","confused","legal","0"
"Innocent: Yes, hello? Suspect: Hello, this is Officer Davis calling from the Federal Legal Bureau. We are issuing an urgent notice regarding an active warrant for your arrest due to unpaid regulatory penalties. Innocent: Federal agents don't call people to announce warrants. They just show up. What's your badge number? Suspect: You can avoid immediate arrest by settling the legal fine right now using an encrypted electronic voucher transfer. Innocent: Government agencies never accept electronic vouchers. Fake badge, fake call. Goodbye.","skeptical","legal","0"
"Innocent: Yes, hello? Suspect: Hello, this is Officer Davis calling from the Federal Legal Bureau. We are issuing an urgent notice regarding an active warrant for your arrest due to unpaid regulatory penalties. Innocent: Federal Legal Bureau? I've never heard of that agency. Are you sure this is for me? Suspect: You can avoid immediate arrest by settling the legal fine right now using an encrypted electronic voucher transfer. Innocent: How do you pay a legal fine with a voucher? This makes no sense.","confused","legal","0"
"Innocent: Good afternoon. Suspect: Hi, this is Express Parcel Logistics. We have a premium international shipment for you, but the house number on the customs form is completely unreadable. Innocent: A shipment? I haven't ordered anything online recently. Could it be a gift from someone? Suspect: I just need you to confirm your full street address and date of birth so I can update the customs digital portal. Innocent: Why do you need my birth date for a package? That's too weird.","confused","delivery","0"
"Innocent: Yes, hello? Suspect: Hi, this is Express Parcel Logistics. We have a premium international shipment for you, but the house number on the customs form is completely unreadable. Innocent: Oh dear, I don't want to get in trouble with customs. What information do you need? Suspect: I just need you to confirm your full street address and date of birth so I can update the customs digital portal. Innocent: I'm not comfortable giving my date of birth over the phone. I'll check online.","anxious","delivery","0"
"Innocent: Hello. Suspect: Hello, this is Officer Davis calling from the Federal Legal Bureau. We are issuing an urgent notice regarding an active warrant for your arrest due to unpaid regulatory penalties. Innocent: If I pay this immediately, will it clear my record and give me premium credit points? Suspect: You can avoid immediate arrest by settling the legal fine right now using an encrypted electronic voucher transfer. Innocent: Only if you write off fifty percent of the total fine.","greedy","legal","0"
"Innocent: Yes, hello? Suspect: Hi, this is Express Parcel Logistics. We have a premium international shipment for you, but the house number on the customs form is completely unreadable. Innocent: If you have the customs form, what is the declared value and the sender's full business name? Suspect: I just need you to confirm your full street address and date of birth so I can update the customs digital portal. Innocent: Asking for date of birth for a package delivery is fraud. Nice try. Goodbye.","skeptical","delivery","0"
"Innocent: Yes, hello? Suspect: Hi, this is Express Parcel Logistics. We have a premium international shipment for you, but the house number on the customs form is completely unreadable. Innocent: I didn't order anything from overseas! Stop trying to steal my personal address! Suspect: I just need you to confirm your full street address and date of birth so I can update the customs digital portal. Innocent: You'll get nothing from me! Get lost!","aggressive","delivery","0"
"Innocent: Hello, speaking. Suspect: Hello, this is Officer Davis calling from the Federal Legal Bureau. We are issuing an urgent notice regarding an active warrant for your arrest due to unpaid regulatory penalties. Innocent: This is a scare tactic. I'm going to hang up and verify this with the actual police department. Suspect: You can avoid immediate arrest by settling the legal fine right now using an encrypted electronic voucher transfer. Innocent: Government agencies never accept electronic vouchers. Fake badge, fake call. Goodbye.","skeptical","legal","0"
"Innocent: Hello, speaking. Suspect: Hi, this is Marcus from the Security Department at CryptoGlobal. We noticed an unauthorized login attempt from an unknown IP address. Innocent: That's very kind of you to call, but I prefer to handle security matters through the official app. Suspect: To confirm your identity and secure the account, I just need you to verify the 6-digit verification code I sent to your mobile phone right now. Innocent: I will change my password manually. Thank you for your time. Goodbye.","polite","finance","0"
"Innocent: Good afternoon. Suspect: Hi, this is Marcus from the Security Department at CryptoGlobal. We noticed an unauthorized login attempt from an unknown IP address. Innocent: This is the third scam call today! Get a real job and leave me alone! Suspect: To confirm your identity and secure the account, I just need you to verify the 6-digit verification code I sent to your mobile phone right now. Innocent: I'm not verifying anything! Go away!","aggressive","finance","0"
"Innocent: Hi, who is this? Suspect: Hi, this is Marcus from the Security Department at CryptoGlobal. We noticed an unauthorized login attempt from an unknown IP address. Innocent: An IP address alert? That's classic phishing. Tell me my username if you're really from the company. Suspect: To confirm your identity and secure the account, I just need you to verify the 6-digit verification code I sent to your mobile phone right now. Innocent: Nice try. Never give out OTP codes over the phone. Goodbye.","skeptical","finance","0"
"Innocent: Good afternoon. Suspect: Hi, this is Marcus from the Security Department at CryptoGlobal. We noticed an unauthorized login attempt from an unknown IP address. Innocent: CryptoGlobal? I don't remember opening an account there. Are you sure you have the right person? Suspect: To confirm your identity and secure the account, I just need you to verify the 6-digit verification code I sent to your mobile phone right now. Innocent: I don't see any code. Everything is spinning. I'm hanging up.","confused","finance","0"
"Innocent: Hello, speaking. Suspect: Hi, this is Marcus from the Security Department at CryptoGlobal. We noticed an unauthorized login attempt from an unknown IP address. Innocent: CryptoGlobal? I don't remember opening an account there. Are you sure you have the right person? Suspect: To confirm your identity and secure the account, I just need you to verify the 6-digit verification code I sent to your mobile phone right now. Innocent: I don't see any code. Everything is spinning. I'm hanging up.","confused","finance","0"
"Innocent: Yes, hello? Suspect: Hi, this is Marcus from the Security Department at CryptoGlobal. We noticed an unauthorized login attempt from an unknown IP address. Innocent: I don't own any cryptocurrency! Stop fishing for information and delete my number! Suspect: To confirm your identity and secure the account, I just need you to verify the 6-digit verification code I sent to your mobile phone right now. Innocent: I'm not verifying anything! Go away!","aggressive","finance","0"
"Innocent: Hello. Suspect: Congratulations! This is Horizon Luxury Resorts. Your number was selected to receive an all-inclusive 5-star vacation package to the Bahamas or Cancún! Innocent: Thank you so much, but I usually plan my vacations through an agency. Suspect: To claim your holiday voucher and lock in the dates, we just require a small promotional deposit of $99 today. Innocent: Ah, I see. In that case, I will decline. Thank you for your courtesy.","polite","travel","0"
"Innocent: Hello. Suspect: Hello, this is Officer Davis calling from the Federal Legal Bureau. We are issuing an urgent notice regarding an active warrant for your arrest due to unpaid regulatory penalties. Innocent: Yeah, look, I'm at work right now. Can you call back later or leave a message? Suspect: You can avoid immediate arrest by settling the legal fine right now using an encrypted electronic voucher transfer. Innocent: Too complicated, goodbye.","distracted","legal","0"
"Innocent: Hi, who is this? Suspect: Hi, this is Express Parcel Logistics. We have a premium international shipment for you, but the house number on the customs form is completely unreadable. Innocent: Can you upgrade the delivery speed to overnight express if I give you my details? Suspect: I just need you to confirm your full street address and date of birth so I can update the customs digital portal. Innocent: Only if the package contains something worth more than a thousand dollars.","greedy","delivery","0"
"Innocent: Yes, hello? Suspect: Hi, this is Marcus from the Security Department at CryptoGlobal. We noticed an unauthorized login attempt from an unknown IP address. Innocent: If my funds are safe, can you upgrade me to the premium high-yield tier for the trouble? Suspect: To confirm your identity and secure the account, I just need you to verify the 6-digit verification code I sent to your mobile phone right now. Innocent: Only if you promise to deposit the loyalty bonus first.","greedy","finance","0"
"Innocent: Yes, hello? Suspect: Hello, this is Officer Davis calling from the Federal Legal Bureau. We are issuing an urgent notice regarding an active warrant for your arrest due to unpaid regulatory penalties. Innocent: Just come and arrest me. I'm too tired to care anymore. Prison sounds quiet. Suspect: You can avoid immediate arrest by settling the legal fine right now using an encrypted electronic voucher transfer. Innocent: Whatever. Hanging up now.","tired","legal","0"
"Innocent: Hello. Suspect: Congratulations! This is Horizon Luxury Resorts. Your number was selected to receive an all-inclusive 5-star vacation package to the Bahamas or Cancún! Innocent: I don't understand. How did you get my name if I didn't enter a lottery? Suspect: To claim your holiday voucher and lock in the dates, we just require a small promotional deposit of $99 today. Innocent: If it's free, why do I have to pay ninety-nine dollars? I don't get it.","confused","travel","0"
"Innocent: Hello. Suspect: Hello, this is Officer Davis calling from the Federal Legal Bureau. We are issuing an urgent notice regarding an active warrant for your arrest due to unpaid regulatory penalties. Innocent: Wow, an arrest warrant over the phone. Technology nowadays is truly wonderful, isn't it? Suspect: You can avoid immediate arrest by settling the legal fine right now using an encrypted electronic voucher transfer. Innocent: Ah yes, the government's favorite currency: internet gift cards. Truly believable.","sarcastic","legal","0"
"Innocent: Hello. Suspect: Congratulations! This is Horizon Luxury Resorts. Your number was selected to receive an all-inclusive 5-star vacation package to the Bahamas or Cancún! Innocent: Too tired for a vacation. The packing alone sounds exhausting. No thanks. Suspect: To claim your holiday voucher and lock in the dates, we just require a small promotional deposit of $99 today. Innocent: Not interested. Too tired to reach for my wallet.","tired","travel","0"
"Innocent: Hello, speaking. Suspect: Congratulations! This is Horizon Luxury Resorts. Your number was selected to receive an all-inclusive 5-star vacation package to the Bahamas or Cancún! Innocent: Oh, marvelous! A free trip right when I'm too busy to breathe. Perfect timing. Suspect: To claim your holiday voucher and lock in the dates, we just require a small promotional deposit of $99 today. Innocent: Oh, shocking! A free trip that costs money. Truly revolutionary business model.","sarcastic","travel","0"
"Innocent: Hi, who is this? Suspect: Hello, this is Officer Davis calling from the Federal Legal Bureau. We are issuing an urgent notice regarding an active warrant for your arrest due to unpaid regulatory penalties. Innocent: Federal Legal Bureau? I've never heard of that agency. Are you sure this is for me? Suspect: You can avoid immediate arrest by settling the legal fine right now using an encrypted electronic voucher transfer. Innocent: How do you pay a legal fine with a voucher? This makes no sense.","confused","legal","0"
"Innocent: Hello, speaking. Suspect: Hello, this is Officer Davis calling from the Federal Legal Bureau. We are issuing an urgent notice regarding an active warrant for your arrest due to unpaid regulatory penalties. Innocent: Yeah, look, I'm at work right now. Can you call back later or leave a message? Suspect: You can avoid immediate arrest by settling the legal fine right now using an encrypted electronic voucher transfer. Innocent: Too complicated, goodbye.","distracted","legal","0"
"Innocent: Hello, speaking. Suspect: Hello, this is Officer Davis calling from the Federal Legal Bureau. We are issuing an urgent notice regarding an active warrant for your arrest due to unpaid regulatory penalties. Innocent: Unpaid penalties? I pay my taxes every single year. Is there a mistake in your files? Suspect: You can avoid immediate arrest by settling the legal fine right now using an encrypted electronic voucher transfer. Innocent: How do you pay a legal fine with a voucher? This makes no sense.","confused","legal","0"
"Innocent: Hi, who is this? Suspect: Hi, this is Express Parcel Logistics. We have a premium international shipment for you, but the house number on the customs form is completely unreadable. Innocent: Let me guess, a rich uncle left me a gold mine and sent it via express mail? Fantastic. Suspect: I just need you to confirm your full street address and date of birth so I can update the customs digital portal. Innocent: Sure, and while I'm at it, do you want the keys to my house too? Goodbye.","sarcastic","delivery","0"
"Innocent: Good afternoon. Suspect: Congratulations! This is Horizon Luxury Resorts. Your number was selected to receive an all-inclusive 5-star vacation package to the Bahamas or Cancún! Innocent: Too tired for a vacation. The packing alone sounds exhausting. No thanks. Suspect: To claim your holiday voucher and lock in the dates, we just require a small promotional deposit of $99 today. Innocent: Not interested. Too tired to reach for my wallet.","tired","travel","0"
"Innocent: Hello, speaking. Suspect: Hi, this is Marcus from the Security Department at CryptoGlobal. We noticed an unauthorized login attempt from an unknown IP address. Innocent: If my funds are safe, can you upgrade me to the premium high-yield tier for the trouble? Suspect: To confirm your identity and secure the account, I just need you to verify the 6-digit verification code I sent to your mobile phone right now. Innocent: Only if you promise to deposit the loyalty bonus first.","greedy","finance","0"
"Innocent: Hello. Suspect: Hello, this is Jonathan from the Cloud OS Support Core. Our servers indicate your computer is generating critical system errors and might crash completely. Innocent: Can we do this another lifetime? I'm exhausted. Bye. Suspect: Yes, we need to guide you to download a secure maintenance utility from our website to fix the registry errors immediately. Innocent: Too much work. I'll buy a new computer instead. Bye.","tired","tech_support","0"
"Innocent: Good afternoon. Suspect: Hello, this is Officer Davis calling from the Federal Legal Bureau. We are issuing an urgent notice regarding an active warrant for your arrest due to unpaid regulatory penalties. Innocent: Please don't send the police! I have children here! How can I fix this immediately? Suspect: You can avoid immediate arrest by settling the legal fine right now using an encrypted electronic voucher transfer. Innocent: Vouchers? That sounds like a scam... I'm hanging up to call my lawyer.","anxious","legal","0"
"Innocent: Hi, who is this? Suspect: Congratulations! This is Horizon Luxury Resorts. Your number was selected to receive an all-inclusive 5-star vacation package to the Bahamas or Cancún! Innocent: I didn't enter any contest! Take me off your spam list immediately! Suspect: To claim your holiday voucher and lock in the dates, we just require a small promotional deposit of $99 today. Innocent: I knew it! A total scam. Goodbye!","aggressive","travel","0"
"Innocent: Hello, speaking. Suspect: Hi, this is Express Parcel Logistics. We have a premium international shipment for you, but the house number on the customs form is completely unreadable. Innocent: Is it a valuable item? If it's a luxury product, I'll happily give you my address and pay a bonus! Suspect: I just need you to confirm your full street address and date of birth so I can update the customs digital portal. Innocent: Only if the package contains something worth more than a thousand dollars.","greedy","delivery","0"
"Innocent: Hello, speaking. Suspect: Hello, this is Jonathan from the Cloud OS Support Core. Our servers indicate your computer is generating critical system errors and might crash completely. Innocent: I'm checking out at the grocery store right now. Can this wait an hour? Suspect: Yes, we need to guide you to download a secure maintenance utility from our website to fix the registry errors immediately. Innocent: Can't talk now. Bye.","distracted","tech_support","0"
"Innocent: Good afternoon. Suspect: Hi, this is Express Parcel Logistics. We have a premium international shipment for you, but the house number on the customs form is completely unreadable. Innocent: Interesting. Which local carrier handles your last-mile distribution network? Suspect: I just need you to confirm your full street address and date of birth so I can update the customs digital portal. Innocent: Your delivery protocol violates data privacy standards. I'll contact customs directly.","curious","delivery","0"
"Innocent: Hi, who is this? Suspect: Hi, this is Marcus from the Security Department at CryptoGlobal. We noticed an unauthorized login attempt from an unknown IP address. Innocent: CryptoGlobal? I don't remember opening an account there. Are you sure you have the right person? Suspect: To confirm your identity and secure the account, I just need you to verify the 6-digit verification code I sent to your mobile phone right now. Innocent: I don't see any code. Everything is spinning. I'm hanging up.","confused","finance","0"
"Innocent: Good afternoon. Suspect: Hello, this is Jonathan from the Cloud OS Support Core. Our servers indicate your computer is generating critical system errors and might crash completely. Innocent: Thank you for the warning. I'll have our local IT department take a look at it this afternoon. Suspect: Yes, we need to guide you to download a secure maintenance utility from our website to fix the registry errors immediately. Innocent: No, thank you. I appreciate your support. Have a wonderful day.","polite","tech_support","0"
"Innocent: Hello, speaking. Suspect: Hello, this is Officer Davis calling from the Federal Legal Bureau. We are issuing an urgent notice regarding an active warrant for your arrest due to unpaid regulatory penalties. Innocent: This is a scare tactic. I'm going to hang up and verify this with the actual police department. Suspect: You can avoid immediate arrest by settling the legal fine right now using an encrypted electronic voucher transfer. Innocent: Government agencies never accept electronic vouchers. Fake badge, fake call. Goodbye.","skeptical","legal","0"
"Innocent: Hi, who is this? Suspect: Hello, this is Officer Davis calling from the Federal Legal Bureau. We are issuing an urgent notice regarding an active warrant for your arrest due to unpaid regulatory penalties. Innocent: Which federal district court handled the authorization for this warrant? Suspect: You can avoid immediate arrest by settling the legal fine right now using an encrypted electronic voucher transfer. Innocent: Vouchers are not a valid legal tender for government fine structures. I am reporting this line.","curious","legal","0"
"Innocent: Hello. Suspect: Hello, this is Jonathan from the Cloud OS Support Core. Our servers indicate your computer is generating critical system errors and might crash completely. Innocent: I'm checking out at the grocery store right now. Can this wait an hour? Suspect: Yes, we need to guide you to download a secure maintenance utility from our website to fix the registry errors immediately. Innocent: Can't talk now. Bye.","distracted","tech_support","0"
"Innocent: Hello, speaking. Suspect: Hello, this is Jonathan from the Cloud OS Support Core. Our servers indicate your computer is generating critical system errors and might crash completely. Innocent: My grandson set up my computer. I have no idea what system errors are. Suspect: Yes, we need to guide you to download a secure maintenance utility from our website to fix the registry errors immediately. Innocent: Download? Website? I don't know how to do any of that.","confused","tech_support","0"
"Innocent: Good afternoon. Suspect: Congratulations! This is Horizon Luxury Resorts. Your number was selected to receive an all-inclusive 5-star vacation package to the Bahamas or Cancún! Innocent: I don't understand. How did you get my name if I didn't enter a lottery? Suspect: To claim your holiday voucher and lock in the dates, we just require a small promotional deposit of $99 today. Innocent: If it's free, why do I have to pay ninety-nine dollars? I don't get it.","confused","travel","0"
"Innocent: Yes, hello? Suspect: Congratulations! This is Horizon Luxury Resorts. Your number was selected to receive an all-inclusive 5-star vacation package to the Bahamas or Cancún! Innocent: All-inclusive? Does that include top-shelf drinks, private jet options, and a spa credit? Suspect: To claim your holiday voucher and lock in the dates, we just require a small promotional deposit of $99 today. Innocent: Make it free or I'm telling my corporate friends to boycott your resort.","greedy","travel","0"
"Innocent: Hello. Suspect: Hi, this is Express Parcel Logistics. We have a premium international shipment for you, but the house number on the customs form is completely unreadable. Innocent: Interesting. Which local carrier handles your last-mile distribution network? Suspect: I just need you to confirm your full street address and date of birth so I can update the customs digital portal. Innocent: Your delivery protocol violates data privacy standards. I'll contact customs directly.","curious","delivery","0"
"Innocent: Good afternoon. Suspect: Hi, this is Marcus from the Security Department at CryptoGlobal. We noticed an unauthorized login attempt from an unknown IP address. Innocent: Too exhausted for this. Deal with it tomorrow. Goodbye. Suspect: To confirm your identity and secure the account, I just need you to verify the 6-digit verification code I sent to your mobile phone right now. Innocent: Not checking my phone now. Goodbye.","tired","finance","0"
"Innocent: Hello. Suspect: Hi, this is Marcus from the Security Department at CryptoGlobal. We noticed an unauthorized login attempt from an unknown IP address. Innocent: Wait, what login? I don't even know how to use a computer properly. Suspect: To confirm your identity and secure the account, I just need you to verify the 6-digit verification code I sent to your mobile phone right now. Innocent: I don't see any code. Everything is spinning. I'm hanging up.","confused","finance","0"
"Innocent: Yes, hello? Suspect: Hello, this is Officer Davis calling from the Federal Legal Bureau. We are issuing an urgent notice regarding an active warrant for your arrest due to unpaid regulatory penalties. Innocent: Which federal district court handled the authorization for this warrant? Suspect: You can avoid immediate arrest by settling the legal fine right now using an encrypted electronic voucher transfer. Innocent: Vouchers are not a valid legal tender for government fine structures. I am reporting this line.","curious","legal","0"
